album,track_number,id,name,uri,acousticness,danceability,energy,instrumentalness,liveness,loudness,speechiness,tempo,valence,popularity,artist
What Is Love? (Deluxe Edition),1,72gv4zhNvRVdQA0eOenCal,Symphony (feat. Zara Larsson),spotify:track:72gv4zhNvRVdQA0eOenCal,0.239,0.715,0.605,1.4099999999999999e-05,0.18899999999999997,-5.127999999999999,0.0428,122.956,0.45399999999999996,74,Clean Bandit
What Is Love? (Deluxe Edition),2,5XWCc9wQes7X5uyYH9h5JR,Baby (feat. MARINA & Luis Fonsi),spotify:track:5XWCc9wQes7X5uyYH9h5JR,0.35600000000000004,0.755,0.74,1.05e-05,0.0994,-5.354,0.04,116.946,0.33,60,Clean Bandit
What Is Love? (Deluxe Edition),3,3NuK5xMlSlB6K2Qp16zf3h,Solo (feat. Demi Lovato),spotify:track:3NuK5xMlSlB6K2Qp16zf3h,0.0357,0.74,0.622,4.85e-05,0.35600000000000004,-4.6080000000000005,0.0446,104.96600000000001,0.556,71,Clean Bandit
What Is Love? (Deluxe Edition),4,2hrUO4drrO63i7FYbCLBl2,Rockabye (feat. Sean Paul & Anne-Marie),spotify:track:2hrUO4drrO63i7FYbCLBl2,0.38299999999999995,0.7170000000000001,0.73,0.0,0.39799999999999996,-4.729,0.0568,102.00200000000001,0.792,69,Clean Bandit
What Is Love? (Deluxe Edition),5,3WDIhWoRWVcaHdRwMEHkkS,Mama (feat. Ellie Goulding),spotify:track:3WDIhWoRWVcaHdRwMEHkkS,0.225,0.737,0.7140000000000001,3.79e-06,0.267,-6.138,0.0367,102.046,0.608,64,Clean Bandit
What Is Love? (Deluxe Edition),6,1t3HCpt49x27PE1uuy06md,Should've Known Better (feat. Anne-Marie),spotify:track:1t3HCpt49x27PE1uuy06md,0.14400000000000002,0.638,0.7290000000000001,3.86e-06,0.257,-5.859,0.0405,75.029,0.506,49,Clean Bandit
What Is Love? (Deluxe Edition),7,7DKSHIR389td3F1MrTOerW,Out at Night (feat. KYLE & Big Boi),spotify:track:7DKSHIR389td3F1MrTOerW,0.0906,0.736,0.71,6.1e-05,0.21600000000000003,-7.138,0.0429,105.005,0.33399999999999996,47,Clean Bandit
What Is Love? (Deluxe Edition),8,6Vly9VOZmMnHDDambtb32p,Last Goodbye (feat. Tove Styrke & Stefflon Don),spotify:track:6Vly9VOZmMnHDDambtb32p,0.00591,0.607,0.588,9.05e-06,0.21899999999999997,-6.727,0.0858,158.016,0.396,45,Clean Bandit
What Is Love? (Deluxe Edition),9,4w1Lnjryh7voWNEfNdj37G,We Were Just Kids (feat. Craig David & Kirsten Joy),spotify:track:4w1Lnjryh7voWNEfNdj37G,0.267,0.773,0.568,0.0,0.11199999999999999,-7.71,0.0493,99.975,0.467,47,Clean Bandit
What Is Love? (Deluxe Edition),10,0zZE4gBv25outVrHKJgiry,Nowhere (feat. Rita Ora & KYLE),spotify:track:0zZE4gBv25outVrHKJgiry,0.0574,0.7929999999999999,0.624,2.08e-06,0.20800000000000002,-6.024,0.0344,100.024,0.755,46,Clean Bandit
What Is Love? (Deluxe Edition),11,0Ult84lvFuqNvbyXwyRQ58,I Miss You (feat. Julia Michaels),spotify:track:0Ult84lvFuqNvbyXwyRQ58,0.299,0.693,0.624,7.64e-06,0.0955,-7.482,0.0448,105.00200000000001,0.369,74,Clean Bandit
What Is Love? (Deluxe Edition),12,2sXGKXPb0lZq7CXGoSg3U5,In Us I Believe (feat. ALMA),spotify:track:2sXGKXPb0lZq7CXGoSg3U5,0.008329999999999999,0.685,0.746,0.000154,0.134,-6.9639999999999995,0.0353,96.006,0.53,43,Clean Bandit
What Is Love? (Deluxe Edition),13,7iGYKBPel065LynLZBnaqg,24 Hours (feat. Yasmin Green),spotify:track:7iGYKBPel065LynLZBnaqg,0.0266,0.742,0.769,0.0,0.317,-5.975,0.0328,92.022,0.504,45,Clean Bandit
What Is Love? (Deluxe Edition),14,3uYOVV9hpYLk6scE9xvAqt,Playboy Style (feat. Charli XCX & Bhad Bhabie),spotify:track:3uYOVV9hpYLk6scE9xvAqt,0.0551,0.723,0.648,3.6099999999999997e-05,0.298,-6.522,0.0426,151.035,0.369,51,Clean Bandit
What Is Love? (Deluxe Edition),15,3ZkxpOQ1fyA27Lt79y2UVG,Beautiful (feat. DaVido & Love Ssega),spotify:track:3ZkxpOQ1fyA27Lt79y2UVG,0.00328,0.696,0.741,8.809999999999999e-05,0.129,-6.12,0.0367,110.012,0.413,42,Clean Bandit
What Is Love? (Deluxe Edition),16,4cKyHIo4oIZTLW5MujF9nL,Tears (feat. Louisa Johnson),spotify:track:4cKyHIo4oIZTLW5MujF9nL,0.0441,0.43,0.741,0.0,0.11699999999999999,-4.355,0.0583,130.833,0.297,53,Clean Bandit
New Eyes,1,2YSI2ZU7K0JihIzhEZNjBI,Mozart's House (feat. Love Ssega),spotify:track:2YSI2ZU7K0JihIzhEZNjBI,0.0462,0.7440000000000001,0.843,8.599999999999999e-06,0.11699999999999999,-5.723,0.166,125.005,0.725,38,Clean Bandit
New Eyes,2,1NAa5SLZgH2tXhQLWeXUUL,Extraordinary (feat. Sharna Bass),spotify:track:1NAa5SLZgH2tXhQLWeXUUL,0.171,0.715,0.825,5.56e-06,0.0871,-5.322,0.0348,126.962,0.124,46,Clean Bandit
New Eyes,3,7qtxpp3xkyRQ9nUhuNh1kn,Dust Clears (feat. Noonie Bao),spotify:track:7qtxpp3xkyRQ9nUhuNh1kn,0.154,0.792,0.40399999999999997,0.0297,0.0745,-8.987,0.0395,125.991,0.5920000000000001,44,Clean Bandit
New Eyes,4,61dCUoMCg28qEBzrW6htYM,Rather Be (feat. Jess Glynne),spotify:track:61dCUoMCg28qEBzrW6htYM,0.162,0.799,0.586,2.03e-06,0.193,-6.735,0.0377,120.97,0.5489999999999999,69,Clean Bandit
New Eyes,5,6qNBaEdRbIk895IlQusqzv,A+E (feat. Kandaka Moore & Nikki Cislyn),spotify:track:6qNBaEdRbIk895IlQusqzv,0.006229999999999999,0.8079999999999999,0.519,0.136,0.11900000000000001,-8.267999999999999,0.0403,114.977,0.384,34,Clean Bandit
New Eyes,6,5WX8mqlPovtMHXCsHGioPn,Come Over (feat. Stylo G),spotify:track:5WX8mqlPovtMHXCsHGioPn,0.154,0.809,0.782,5.64e-06,0.0642,-5.625,0.0564,99.969,0.669,45,Clean Bandit
New Eyes,7,20TSfEQ5jybKGxMTvFchJr,Cologne (feat. Nikki Cislyn & Javeon),spotify:track:20TSfEQ5jybKGxMTvFchJr,0.0601,0.8420000000000001,0.6579999999999999,0.00165,0.0571,-6.135,0.0734,126.037,0.7609999999999999,31,Clean Bandit
New Eyes,8,3raf5q4OxpJyxifTzG2twJ,Telephone Banking (feat. Love Ssega),spotify:track:3raf5q4OxpJyxifTzG2twJ,0.115,0.6920000000000001,0.7340000000000001,2.03e-06,0.10400000000000001,-5.439,0.0363,109.98100000000001,0.6920000000000001,32,Clean Bandit
New Eyes,9,4Z8rHb7aF8Xd2JIV1x36si,Up Again (feat. Rae Morris),spotify:track:4Z8rHb7aF8Xd2JIV1x36si,0.0523,0.384,0.519,0.0,0.0683,-5.546,0.053,165.725,0.507,31,Clean Bandit
New Eyes,10,2HssecL0juw7KDDsPusUiw,Heart on Fire (feat. Elisabeth Troy),spotify:track:2HssecL0juw7KDDsPusUiw,0.0352,0.758,0.647,2.9600000000000005e-05,0.102,-6.154,0.0446,140.02,0.943,39,Clean Bandit
New Eyes,11,3lHLjAIId4Vl27OY49pkJE,New Eyes (feat. Lizzo),spotify:track:3lHLjAIId4Vl27OY49pkJE,0.0687,0.687,0.613,0.0,0.177,-8.105,0.0622,140.07399999999998,0.601,34,Clean Bandit
New Eyes,12,1NkLUXGJAgt5gDg6VdKC5U,Birch (feat. Eliza Shaddad),spotify:track:1NkLUXGJAgt5gDg6VdKC5U,0.309,0.318,0.609,0.0121,0.0941,-7.766,0.0416,90.83,0.132,26,Clean Bandit
New Eyes,13,2FPRXR0z3syptIYtz0vM8Q,Outro Movement III,spotify:track:2FPRXR0z3syptIYtz0vM8Q,0.636,0.743,0.45799999999999996,0.038,0.11199999999999999,-7.095,0.205,96.044,0.245,25,Clean Bandit
New Eyes,14,2Vu3PpbpaBB5nAThPQstKL,Real Love,spotify:track:2Vu3PpbpaBB5nAThPQstKL,0.0834,0.63,0.848,4.34e-06,0.205,-4.592,0.0428,124.98700000000001,0.551,49,Clean Bandit
New Eyes,15,3utsJdhRUrJA8avrOawi8D,Stronger,spotify:track:3utsJdhRUrJA8avrOawi8D,0.0343,0.8029999999999999,0.64,1.72e-06,0.0833,-6.666,0.0438,123.98899999999999,0.8029999999999999,44,Clean Bandit
New Eyes,16,7aJyMyhYppupv3lDyuk3WE,Show Me Love (feat. Elisabeth Troy),spotify:track:7aJyMyhYppupv3lDyuk3WE,0.0284,0.618,0.9,1.77e-05,0.207,-2.59,0.045,122.973,0.664,33,Clean Bandit
New Eyes,8,01aRNLqvLGM2XlLgYNTgRN,Up Again (feat. Rae Morris) - Drumsound & Bassline Smith Remix,spotify:track:01aRNLqvLGM2XlLgYNTgRN,0.00793,0.45899999999999996,0.887,0.0,0.126,-4.54,0.0394,171.968,0.426,10,Clean Bandit
New Eyes,7,6dm7uLUcCq7bVDjgMWhHLf,Stronger (feat. Alex Newell & Sean Bass),spotify:track:6dm7uLUcCq7bVDjgMWhHLf,0.0114,0.732,0.769,0.000383,0.0768,-4.669,0.0434,124.999,0.846,30,Clean Bandit
New Eyes (Special Edition),18,3Ana1cPlGki2FLGo3KtS6O,Outro Movement III (feat. BBC Philharmonic Orchestra),spotify:track:3Ana1cPlGki2FLGo3KtS6O,0.762,0.212,0.264,0.851,0.13,-16.372,0.0586,53.292,0.0668,0,Clean Bandit
New Eyes (Special Edition),19,5Sdq2bJDtVbkYEzxzRC5iv,Dust Clears (feat. BBC Philharmonic Orchestra),spotify:track:5Sdq2bJDtVbkYEzxzRC5iv,0.319,0.688,0.564,0.515,0.498,-12.314,0.0348,125.999,0.433,0,Clean Bandit
New Eyes (Special Edition),20,6iugn6q3GRGOaZoyKW5Osy,Extraordinary (feat. BBC Philharmonic Orchestra & Rae Morris),spotify:track:6iugn6q3GRGOaZoyKW5Osy,0.904,0.48100000000000004,0.245,0.0,0.0794,-9.919,0.0301,127.945,0.24,0,Clean Bandit
New Eyes (Special Edition),21,3WEbtu1gTyWA9fkhxCFn1r,Up Again (feat. BBC Philharmonic Orchestra & Rae Morris),spotify:track:3WEbtu1gTyWA9fkhxCFn1r,0.185,0.46399999999999997,0.546,0.0,0.7170000000000001,-8.459,0.102,171.90599999999998,0.42100000000000004,0,Clean Bandit
New Eyes (Special Edition),22,46ax2pjl0l1VCxrg7xPgp7,A+E (feat. BBC Philharmonic Orchestra & Nikki Cislyn),spotify:track:46ax2pjl0l1VCxrg7xPgp7,0.635,0.706,0.455,0.000708,0.11,-10.186,0.0948,114.04899999999999,0.364,0,Clean Bandit
New Eyes (Special Edition),23,5QpFslTuE9G0lfQHajuQpY,Birch (feat. BBC Philharmonic Orchestra & Eliza Shaddad),spotify:track:5QpFslTuE9G0lfQHajuQpY,0.772,0.322,0.361,0.00143,0.0879,-12.42,0.0379,127.03,0.177,0,Clean Bandit
New Eyes (Special Edition),24,01OnRbYzXswI1Fk0LJjCti,UK Shanty (feat. BBC Philharmonic Orchestra & Eliza Shaddad),spotify:track:01OnRbYzXswI1Fk0LJjCti,0.628,0.652,0.634,0.271,0.174,-10.610999999999999,0.054000000000000006,114.005,0.309,0,Clean Bandit
New Eyes (Special Edition),25,1SUkhHEGrVaZbp79rysFAG,Telephone Banking (feat. BBC Philharmonic Orchestra & Love Ssega),spotify:track:1SUkhHEGrVaZbp79rysFAG,0.626,0.675,0.669,9.15e-06,0.902,-9.204,0.0678,113.96,0.465,0,Clean Bandit
New Eyes (Special Edition),26,6LUKFKT6xuEnqSSIX6Rf1G,New Eyes (feat. BBC Philharmonic Orchestra),spotify:track:6LUKFKT6xuEnqSSIX6Rf1G,0.10400000000000001,0.474,0.442,0.664,0.5529999999999999,-11.446,0.0327,139.94799999999998,0.0965,0,Clean Bandit
New Eyes (Special Edition),27,27O2dvXO2LQ8LxPB6cuWLr,Rihanna (feat. BBC Philharmonic Orchestra & Rae Morris),spotify:track:27O2dvXO2LQ8LxPB6cuWLr,0.773,0.65,0.414,2.8100000000000002e-05,0.132,-11.187999999999999,0.0504,94.03399999999999,0.256,0,Clean Bandit
New Eyes (Special Edition),28,7lTljZQDatxto3JEeUHScP,"Nightingale (feat. BBC Philharmonic Orchestra, Nikki Cislyn & Eliza Shaddad)",spotify:track:7lTljZQDatxto3JEeUHScP,0.21899999999999997,0.39,0.591,8.26e-06,0.6920000000000001,-10.001,0.0952,149.75,0.442,0,Clean Bandit
New Eyes (Special Edition),29,0A2FLtUzkCk7ct6KcqTx2l,Rather Be (feat. BBC Philharmonic Orchestra & Jess Glynne),spotify:track:0A2FLtUzkCk7ct6KcqTx2l,0.444,0.64,0.785,0.0,0.904,-7.371,0.368,120.93700000000001,0.41,0,Clean Bandit
D's Christmas,1,1AZmmnvcc2eZW0hrnlaygP,Pasko Na,spotify:track:1AZmmnvcc2eZW0hrnlaygP,0.809,0.33299999999999996,0.608,6.27e-06,0.336,-6.574,0.0423,67.433,0.13699999999999998,33,Darren Espanto
D's Christmas,2,1fe6KLdpVLQihejVJlDb1w,Pasko Bawat Sandali,spotify:track:1fe6KLdpVLQihejVJlDb1w,0.934,0.606,0.35,0.0,0.0872,-8.242,0.0304,119.89200000000001,0.312,12,Darren Espanto
D's Christmas,3,0gbmGK5KrC8AtsHBqtdyac,My Grown-Up Christmas List,spotify:track:0gbmGK5KrC8AtsHBqtdyac,0.773,0.392,0.47600000000000003,0.0,0.11800000000000001,-7.454,0.0305,121.06200000000001,0.2,18,Darren Espanto
D's Christmas,4,2zGaeYshob4e4GlGDAwLHc,The Christmas Song (Chestnuts Roasting On An Open Fire),spotify:track:2zGaeYshob4e4GlGDAwLHc,0.789,0.426,0.392,2.16e-06,0.126,-9.947000000000001,0.0276,96.93,0.141,12,Darren Espanto
D's Christmas,5,5wmZtqGgQOAjHU9DorRyXO,Sana Ngayong Pasko,spotify:track:5wmZtqGgQOAjHU9DorRyXO,0.684,0.594,0.452,5.15e-05,0.0928,-7.513,0.0279,117.896,0.193,15,Darren Espanto
D's Christmas,6,5UVVIqpP1qWfuGvd4NbdDz,All I Want For Christmas Is You,spotify:track:5UVVIqpP1qWfuGvd4NbdDz,0.292,0.58,0.728,0.0,0.047,-8.18,0.0864,149.937,0.598,23,Darren Espanto
D's Christmas,7,1mKhyoMINWNYeZuh6oJX7h,Only Thing I Ever Get For Christmas,spotify:track:1mKhyoMINWNYeZuh6oJX7h,0.366,0.5770000000000001,0.675,0.0,0.11599999999999999,-8.005,0.0359,171.824,0.897,11,Darren Espanto
D's Christmas,8,1eqbUILo3WpTdtNyPfejnG,O Holy Night,spotify:track:1eqbUILo3WpTdtNyPfejnG,0.836,0.182,0.35600000000000004,0.0,0.113,-8.666,0.0306,178.312,0.17,12,Darren Espanto
Be With Me (Deluxe),1,4USP34pAx6Rh3qYBN1bdAQ,7 Minutes,spotify:track:4USP34pAx6Rh3qYBN1bdAQ,0.0755,0.413,0.8109999999999999,0.0,0.28,-7.142,0.0405,165.981,0.45299999999999996,9,Darren Espanto
Be With Me (Deluxe),2,7vICdQndLgcA3vTVXLfRMc,Starlight,spotify:track:7vICdQndLgcA3vTVXLfRMc,0.0159,0.662,0.76,1.3800000000000002e-05,0.10099999999999999,-7.115,0.0451,129.964,0.49700000000000005,8,Darren Espanto
Be With Me (Deluxe),3,60Dg0gICkBBiIMlCy5llLq,Parachute,spotify:track:60Dg0gICkBBiIMlCy5llLq,0.0176,0.565,0.735,0.00038500000000000003,0.147,-8.077,0.034,109.97,0.429,7,Darren Espanto
Be With Me (Deluxe),4,03bBH9iUEs1tQUNqpXpAPG,Hanggang Hi Hello,spotify:track:03bBH9iUEs1tQUNqpXpAPG,0.0281,0.627,0.674,2.25e-06,0.159,-7.604,0.0275,97.03,0.327,7,Darren Espanto
Be With Me (Deluxe),5,1RLvepXZkqA32CiLxjtr8O,Alam,spotify:track:1RLvepXZkqA32CiLxjtr8O,0.8420000000000001,0.509,0.368,2.66e-06,0.0996,-8.532,0.0306,151.654,0.555,10,Darren Espanto
Be With Me (Deluxe),6,34COhlBkqJbt45M5qZBGw9,Talking Bout Love,spotify:track:34COhlBkqJbt45M5qZBGw9,0.799,0.445,0.48700000000000004,0.0,0.124,-7.52,0.0358,84.75200000000001,0.61,6,Darren Espanto
Be With Me (Deluxe),7,1TeNmmb7ZinCrEVq8Qwccs,My Baby & Me,spotify:track:1TeNmmb7ZinCrEVq8Qwccs,0.00233,0.6459999999999999,0.846,8.290000000000001e-05,0.24600000000000002,-6.93,0.0422,100.03399999999999,0.406,6,Darren Espanto
Be With Me (Deluxe),8,2ZxSgl1gmmbEsaRcyUWdcg,Be With Me,spotify:track:2ZxSgl1gmmbEsaRcyUWdcg,0.0688,0.556,0.8140000000000001,0.0,0.317,-7.622000000000001,0.079,81.02,0.409,7,Darren Espanto
Be With Me (Deluxe),9,3UlE4KMynjWeRQSBJqN5gH,Surrender,spotify:track:3UlE4KMynjWeRQSBJqN5gH,0.3,0.7240000000000001,0.607,0.0,0.0749,-6.767,0.0323,119.97,0.517,6,Darren Espanto
Be With Me (Deluxe),10,36wjvcDW3xHHLyBK0X89wX,Home,spotify:track:36wjvcDW3xHHLyBK0X89wX,0.774,0.511,0.47,1.13e-05,0.0976,-7.919,0.0302,139.586,0.375,11,Darren Espanto
Be With Me (Deluxe),11,38OtFUiWFaQCFj2v6McJoa,Young Hearts - Stripped Version,spotify:track:38OtFUiWFaQCFj2v6McJoa,0.33799999999999997,0.49,0.701,7.08e-06,0.10800000000000001,-5.742000000000001,0.0334,170.05599999999998,0.505,15,Darren Espanto
Be With Me (Deluxe),12,0I1QDpOYPsyzmFzLqBPWhv,Alam - Acoustic,spotify:track:0I1QDpOYPsyzmFzLqBPWhv,0.812,0.53,0.478,0.0,0.209,-4.909,0.0264,143.789,0.41700000000000004,11,Darren Espanto
Be With Me (Deluxe),13,1rH4h0GCkvfxmyec5YHkyl,I'll Be There,spotify:track:1rH4h0GCkvfxmyec5YHkyl,0.23800000000000002,0.47600000000000003,0.541,0.0,0.243,-6.063,0.04,90.27600000000001,0.265,30,Darren Espanto
Be With Me (Deluxe),15,5tg85Qah832FYQRaWzJBHb,7 Minutes - Acoustic,spotify:track:5tg85Qah832FYQRaWzJBHb,0.662,0.355,0.45899999999999996,0.0,0.106,-9.162,0.0324,82.928,0.525,6,Darren Espanto
Be With Me (Deluxe),16,68aH7NbGOFi3jOs2vCWeTR,Chandelier,spotify:track:68aH7NbGOFi3jOs2vCWeTR,0.00216,0.488,0.81,0.0,0.33399999999999996,-3.949,0.0301,87.036,0.583,33,Darren Espanto
The Next Star Chronicles: The Early Years,1,07yLlvEhNZys3Rf25VHgqq,Gotta Give a Little Extra,spotify:track:07yLlvEhNZys3Rf25VHgqq,0.0382,0.581,0.8809999999999999,6.4e-05,0.556,-2.8710000000000004,0.0393,120.929,0.833,12,Darren Espanto
The Next Star Chronicles: The Early Years,2,6Dimm0fJR7VgVCBMT1SiOL,Build a Girl,spotify:track:6Dimm0fJR7VgVCBMT1SiOL,0.0771,0.7709999999999999,0.6809999999999999,0.0,0.13,-4.4830000000000005,0.195,105.96700000000001,0.871,17,Darren Espanto
The Next Star Chronicles: The Early Years,3,7lCGlaPy1XWgUmXC8vqnzr,Shake Your Body (Down to the Ground),spotify:track:7lCGlaPy1XWgUmXC8vqnzr,9.740000000000001e-05,0.701,0.7390000000000001,0.465,0.231,-8.041,0.053,118.006,0.361,4,Darren Espanto
The Next Star Chronicles: The Early Years,4,7DmsTHOKMH9ip0oUrxi9cN,Wanna Be Startin' Somethin',spotify:track:7DmsTHOKMH9ip0oUrxi9cN,0.000573,0.7559999999999999,0.883,0.000271,0.1,-3.9539999999999997,0.0667,124.994,0.7509999999999999,4,Darren Espanto
The Next Star Chronicles: The Early Years,5,6v3sfLhEeAOuk9HgTD3NAg,Locked out of Heaven,spotify:track:6v3sfLhEeAOuk9HgTD3NAg,0.00018999999999999998,0.6759999999999999,0.747,7.57e-05,0.0309,-2.93,0.0542,143.97,0.7809999999999999,13,Darren Espanto
The Next Star Chronicles: The Early Years,6,4BSjA4UnxrVzvVlZnYWW8r,Diamonds,spotify:track:4BSjA4UnxrVzvVlZnYWW8r,0.0039700000000000004,0.44299999999999995,0.802,0.0,0.142,-5.445,0.10400000000000001,183.78,0.258,15,Darren Espanto
The Next Star Chronicles: The Early Years,7,30M5HVZZDWayleiXqflREq,Puppy Love,spotify:track:30M5HVZZDWayleiXqflREq,0.856,0.514,0.138,0.0,0.16899999999999998,-14.083,0.0325,93.305,0.27,14,Darren Espanto
The Next Star Chronicles: The Early Years,8,23u4ZFtK3vDW4W0k6wp28T,Oh Oh Santa,spotify:track:23u4ZFtK3vDW4W0k6wp28T,0.0936,0.655,0.6990000000000001,0.0,0.121,-2.725,0.0275,140.05700000000002,0.562,11,Darren Espanto
Darren (Deluxe),1,2QbU3XfQ0ahYnKsi1qsBx4,In Love Ako Sa 'Yo,spotify:track:2QbU3XfQ0ahYnKsi1qsBx4,0.191,0.662,0.583,0.0,0.12300000000000001,-5.367000000000001,0.0238,104.969,0.35,11,Darren Espanto
Darren (Deluxe),2,1xw7pqCrxtOuDSQDXie9eC,Stuck,spotify:track:1xw7pqCrxtOuDSQDXie9eC,0.262,0.395,0.457,0.0,0.145,-6.87,0.0338,160.245,0.43700000000000006,10,Darren Espanto
Darren (Deluxe),3,25CrHJu88ZXuk6fxUa5yt8,My Girl,spotify:track:25CrHJu88ZXuk6fxUa5yt8,0.0642,0.609,0.7020000000000001,0.0,0.375,-5.482,0.039,85.012,0.695,6,Darren Espanto
Darren (Deluxe),4,6iy87tcdEhuwCpkSHjJwnn,You Are The Only One,spotify:track:6iy87tcdEhuwCpkSHjJwnn,0.0188,0.73,0.652,1.69e-06,0.105,-6.2989999999999995,0.0396,150.017,0.34700000000000003,13,Darren Espanto
Darren (Deluxe),5,6KOr1IPbqWLlso46fEEG1p,Ewan Ko,spotify:track:6KOr1IPbqWLlso46fEEG1p,0.0326,0.6509999999999999,0.444,0.0,0.0852,-8.112,0.0262,109.809,0.363,14,Darren Espanto
Darren (Deluxe),6,3Mc72PgMO2UrNoZcyLO39B,Makin' Moves,spotify:track:3Mc72PgMO2UrNoZcyLO39B,0.00202,0.59,0.698,0.0,0.321,-7.737,0.035,130.041,0.428,14,Darren Espanto
Darren (Deluxe),7,1PSC0M42zOWwswWiSTY2ml,Ah! Basta Gusto Kita,spotify:track:1PSC0M42zOWwswWiSTY2ml,0.01,0.723,0.8320000000000001,3.02e-05,0.11800000000000001,-6.1160000000000005,0.0292,123.012,0.6509999999999999,5,Darren Espanto
Darren (Deluxe),8,4o8ZgqkUOGdRTkC8fQvOBz,I Believe In Me,spotify:track:4o8ZgqkUOGdRTkC8fQvOBz,0.00156,0.439,0.615,5.14e-05,0.18899999999999997,-6.922999999999999,0.0345,89.428,0.213,5,Darren Espanto
Darren (Deluxe),9,5Q5tPh7zKd7wz5skI64pv7,Domino,spotify:track:5Q5tPh7zKd7wz5skI64pv7,0.0708,0.797,0.778,0.0,0.353,-5.596,0.0381,126.975,0.642,9,Darren Espanto
Darren (Deluxe),10,66W5O0NAYfZVjWLej4Oux5,I Believe,spotify:track:66W5O0NAYfZVjWLej4Oux5,0.126,0.43200000000000005,0.6920000000000001,0.0,0.131,-6.577999999999999,0.0361,134.006,0.31,40,Darren Espanto
Darren (Deluxe),11,68mD1K3jzPYkXGzWYIo6RZ,Stuck - Remix,spotify:track:68mD1K3jzPYkXGzWYIo6RZ,0.000414,0.7090000000000001,0.732,0.0907,0.14800000000000002,-7.499,0.0413,129.02,0.414,6,Darren Espanto
CLAPCLAPCLAP!,1,28X5Dji5MyC9W9Nb2IGcAV,CLAPCLAPCLAP!,spotify:track:28X5Dji5MyC9W9Nb2IGcAV,0.00292,0.53,0.985,0.96,0.0844,-20.906999999999996,0.0795,140.792,0.0,0,IV Of Spades
CLAPCLAPCLAP!,2,1u34VUANkmyRjGPRtxLgnA,Sweet Shadow,spotify:track:1u34VUANkmyRjGPRtxLgnA,0.00329,0.595,0.723,3.41e-05,0.157,-6.737,0.0266,127.97200000000001,0.349,39,IV Of Spades
CLAPCLAPCLAP!,3,5JFX5HIrFablCo0uEkNtKo,"Bata, Dahan-Dahan!",spotify:track:5JFX5HIrFablCo0uEkNtKo,0.19699999999999998,0.441,0.7859999999999999,0.00040199999999999996,0.15,-9.299,0.10800000000000001,149.99,0.233,39,IV Of Spades
CLAPCLAPCLAP!,4,2gnVqlNifLIGvinryubyG4,Bawat Kaluluwa,spotify:track:2gnVqlNifLIGvinryubyG4,0.0609,0.705,0.519,0.0324,0.305,-7.29,0.0341,116.98299999999999,0.521,50,IV Of Spades
CLAPCLAPCLAP!,5,7l5aCorqYz8HtZ3wjSwtOV,Not My Energy,spotify:track:7l5aCorqYz8HtZ3wjSwtOV,0.0199,0.565,0.795,1.77e-05,0.111,-5.9239999999999995,0.0328,144.936,0.775,37,IV Of Spades
CLAPCLAPCLAP!,6,3Eb5sztvEMa0Mqnb8DUAlU,Come Inside Of My Heart,spotify:track:3Eb5sztvEMa0Mqnb8DUAlU,0.00321,0.6759999999999999,0.565,0.000579,0.24100000000000002,-9.411,0.03,113.007,0.6890000000000001,57,IV Of Spades
CLAPCLAPCLAP!,7,0TrBAndl9PJXiGp2rmfdeI,The Novel Of My Mind,spotify:track:0TrBAndl9PJXiGp2rmfdeI,0.00035800000000000003,0.134,0.397,0.943,0.111,-14.963,0.0424,71.956,0.0356,34,IV Of Spades
CLAPCLAPCLAP!,8,7h4W9blGxYCkKJ3dxPZ84j,Dulo Ng Hangganan,spotify:track:7h4W9blGxYCkKJ3dxPZ84j,0.494,0.565,0.565,0.00262,0.127,-8.52,0.0368,136.042,0.35,55,IV Of Spades
CLAPCLAPCLAP!,9,4Edrtauj7pmOlykfFHLz07,In My Prison,spotify:track:4Edrtauj7pmOlykfFHLz07,0.0541,0.716,0.825,0.0279,0.303,-7.724,0.0335,114.98100000000001,0.7070000000000001,41,IV Of Spades
CLAPCLAPCLAP!,10,5Y33pd27lE5hznJFeD4dAk,My Juliana,spotify:track:5Y33pd27lE5hznJFeD4dAk,0.14300000000000002,0.531,0.552,3.4e-05,0.10300000000000001,-10.887,0.0327,164.028,0.23399999999999999,44,IV Of Spades
CLAPCLAPCLAP!,11,1I2pe7KNMnhmjI4VPZ4Oqq,I'm A Butterfly,spotify:track:1I2pe7KNMnhmjI4VPZ4Oqq,0.0045,0.266,0.812,0.0214,0.134,-7.916,0.0675,96.262,0.485,38,IV Of Spades
CLAPCLAPCLAP!,12,7lD4bwbBCqukPke3Xt1Ncs,I Ain't Perfect,spotify:track:7lD4bwbBCqukPke3Xt1Ncs,0.556,0.426,0.337,2.51e-05,0.079,-11.748,0.0286,127.726,0.17800000000000002,48,IV Of Spades
CLAPCLAPCLAP!,13,1SZuNx9TtE5da7twgYkKAq,Take That Man,spotify:track:1SZuNx9TtE5da7twgYkKAq,0.00054,0.531,0.838,0.019,0.374,-6.875,0.0386,148.028,0.682,41,IV Of Spades
CLAPCLAPCLAP!,14,39SQ0CjIineoa2mbiJpZdk,Captivated,spotify:track:39SQ0CjIineoa2mbiJpZdk,0.741,0.672,0.271,0.0,0.06,-11.62,0.0397,113.06700000000001,0.623,49,IV Of Spades
CLAPCLAPCLAP!,15,5GpNvH7JUU5VdS7Vnmj4El,I Would Rather Live Alone (I'm Not Who I'm Today),spotify:track:5GpNvH7JUU5VdS7Vnmj4El,0.5820000000000001,0.513,0.366,0.0,0.134,-9.015,0.0257,145.91299999999998,0.11900000000000001,40,IV Of Spades
Diwa,1,4lc3mY2nd1bVzBOKe8uMBw,Ulan,spotify:track:4lc3mY2nd1bVzBOKe8uMBw,0.628,0.617,0.439,0.0584,0.11900000000000001,-9.017000000000001,0.0438,143.955,0.293,30,juan karlos
Diwa,2,6EYcB9BS4impPFgmFxMy7P,Kalawakan,spotify:track:6EYcB9BS4impPFgmFxMy7P,0.309,0.621,0.40399999999999997,0.00312,0.28600000000000003,-8.232000000000001,0.0366,120.47399999999999,0.595,44,juan karlos
Diwa,3,1pe3LbZXSvEe5cyvE4t5Wo,Malay,spotify:track:1pe3LbZXSvEe5cyvE4t5Wo,0.581,0.504,0.494,0.000691,0.126,-8.921,0.0445,149.977,0.306,27,juan karlos
Diwa,4,1LLEuTmZ9uzJQqcbeHA4yd,Pasensya,spotify:track:1LLEuTmZ9uzJQqcbeHA4yd,0.16899999999999998,0.39399999999999996,0.602,0.193,0.174,-8.577,0.0516,135.954,0.242,29,juan karlos
Diwa,5,6bYbqNumzBoQhS1kHuj30K,Sampaguita,spotify:track:6bYbqNumzBoQhS1kHuj30K,0.371,0.569,0.7290000000000001,3.04e-06,0.0876,-6.42,0.057999999999999996,143.852,0.365,39,juan karlos
Diwa,6,37GrO7S96eCqHTZ6T5QfQV,Kulimlim,spotify:track:37GrO7S96eCqHTZ6T5QfQV,0.935,0.498,0.0641,0.000356,0.35600000000000004,-20.333,0.0599,121.179,0.196,28,juan karlos
Diwa,7,5l89pZ0XzUTwjs5Fl5c6xi,Sistema,spotify:track:5l89pZ0XzUTwjs5Fl5c6xi,0.152,0.556,0.586,0.0,0.0989,-6.195,0.0422,123.84100000000001,0.32799999999999996,26,juan karlos
Diwa,8,4NWRSsHxiv3tOWeQqkmsXW,Biyak,spotify:track:4NWRSsHxiv3tOWeQqkmsXW,0.5589999999999999,0.495,0.42700000000000005,0.0,0.10400000000000001,-8.862,0.0461,119.071,0.33899999999999997,29,juan karlos
Diwa,9,1VtKLC5oZ6aacOq76eCK4u,Miss You,spotify:track:1VtKLC5oZ6aacOq76eCK4u,0.627,0.623,0.369,1.58e-06,0.10300000000000001,-9.368,0.0308,66.987,0.27899999999999997,37,juan karlos
Diwa,10,2u3vcSJ8ianMupkiqrcpJ7,Jenny,spotify:track:2u3vcSJ8ianMupkiqrcpJ7,0.369,0.496,0.6409999999999999,0.0,0.0591,-5.2,0.0754,147.815,0.6559999999999999,30,juan karlos
JKL,1,1IfPJPQvgB6WrEQpUB5Kdn,Sana Kung Pwede Lang,spotify:track:1IfPJPQvgB6WrEQpUB5Kdn,0.0968,0.685,0.672,0.0,0.121,-6.974,0.0266,114.993,0.585,33,juan karlos
JKL,2,1WXs4O7mBxXglHJPwYweHq,Demonyo,spotify:track:1WXs4O7mBxXglHJPwYweHq,0.0509,0.415,0.508,0.0162,0.10300000000000001,-9.169,0.0363,188.74400000000003,0.114,62,juan karlos
JKL,3,6n8l7JOAJ5qC2jNPWAqA18,Move On,spotify:track:6n8l7JOAJ5qC2jNPWAqA18,0.106,0.785,0.662,0.000184,0.111,-9.796,0.12,116.98100000000001,0.862,26,juan karlos
JKL,4,0F18RvltuDDZzC31tsYPVW,Here I Am,spotify:track:0F18RvltuDDZzC31tsYPVW,0.835,0.43700000000000006,0.38,4.3e-05,0.115,-10.544,0.0286,146.371,0.28300000000000003,29,juan karlos
JKL,5,2g9v7F8NGIiaEq5fqFhoBd,Forever,spotify:track:2g9v7F8NGIiaEq5fqFhoBd,0.0162,0.623,0.485,0.000505,0.156,-9.162,0.0242,101.456,0.304,27,juan karlos
JKL,6,0F7KF7sAkjGHu03j4EVzmf,Wala Nang Iba,spotify:track:0F7KF7sAkjGHu03j4EVzmf,0.28800000000000003,0.521,0.467,0.00045099999999999996,0.222,-8.523,0.0265,136.029,0.23600000000000002,29,juan karlos
JKL,7,6lkqLVdnvxjpUaw8nZ2uSS,Too Much,spotify:track:6lkqLVdnvxjpUaw8nZ2uSS,0.0714,0.578,0.5379999999999999,5.15e-06,0.292,-9.332,0.043,84.096,0.18,25,juan karlos
JKL,8,1MKbLSZ5nEkh6cEFagG50r,Move On - Electric JK Jam,spotify:track:1MKbLSZ5nEkh6cEFagG50r,0.872,0.809,0.228,0.0,0.111,-9.855,0.086,117.486,0.41,21,juan karlos
JK,1,0DSfU2uUnXf4UyO3XM2aXO,Para Sa 'Yo,spotify:track:0DSfU2uUnXf4UyO3XM2aXO,0.45899999999999996,0.5720000000000001,0.539,0.0,0.142,-8.624,0.026000000000000002,150.053,0.43200000000000005,39,juan karlos
JK,2,6ArdgXU6aVUNPkHjhdJN46,This Gravity,spotify:track:6ArdgXU6aVUNPkHjhdJN46,0.0656,0.7929999999999999,0.6809999999999999,0.0,0.0246,-8.276,0.0383,125.976,0.9209999999999999,8,juan karlos
JK,3,1N8bbazXeoDDEeHC7mCMQe,This Song Is For You,spotify:track:1N8bbazXeoDDEeHC7mCMQe,0.23199999999999998,0.594,0.5710000000000001,0.0,0.341,-7.622000000000001,0.0295,107.898,0.607,17,juan karlos
JK,4,1ZpKw4gypIsa4LrshH9kc5,Summer Time Love,spotify:track:1ZpKw4gypIsa4LrshH9kc5,0.33799999999999997,0.593,0.721,0.0,0.0889,-6.832000000000001,0.0356,105.053,0.547,22,juan karlos
JK,5,1xjJtemow3cyGzhbH3c2My,Maybe Love,spotify:track:1xjJtemow3cyGzhbH3c2My,0.0649,0.581,0.809,0.0,0.0875,-6.765,0.114,170.067,0.904,15,juan karlos
JK,6,0ykFdjDcQYVXx6nwZifuuy,Di Ka Man Lang Nagpaalam,spotify:track:0ykFdjDcQYVXx6nwZifuuy,0.244,0.536,0.609,0.0,0.175,-7.421,0.0275,128.92600000000002,0.32899999999999996,30,juan karlos
JK,7,0s64ietoEDsPu0P40oL9b4,Para Sa 'Yo - Band Version,spotify:track:0s64ietoEDsPu0P40oL9b4,0.0188,0.433,0.6970000000000001,0.0,0.331,-7.9239999999999995,0.0324,147.296,0.408,7,juan karlos
JK,8,7xZZTqZXn95990N5keVYAf,This Gravity - Acoustic,spotify:track:7xZZTqZXn95990N5keVYAf,0.524,0.755,0.414,0.0,0.113,-8.897,0.0321,117.93299999999999,0.535,11,juan karlos
JK,9,6EH8R42E9hBKmLr18mokKX,Runaway Baby,spotify:track:6EH8R42E9hBKmLr18mokKX,0.0486,0.568,0.8640000000000001,4.71e-05,0.265,-5.849,0.0432,164.018,0.8079999999999999,10,juan karlos
JK,10,7oObYTKRxNnN1B92BnTqMX,Sway,spotify:track:7oObYTKRxNnN1B92BnTqMX,0.147,0.7240000000000001,0.654,0.0,0.332,-6.755,0.027999999999999997,125.96700000000001,0.513,18,juan karlos
JK,11,3ggM5E3KLMMvVT785hpXsK,Para Sa 'Yo - Instrumental,spotify:track:3ggM5E3KLMMvVT785hpXsK,0.172,0.545,0.617,0.89,0.163,-9.824,0.0297,150.011,0.452,5,juan karlos
Bloom,1,4NiehSBQthimPzRsVeOgCT,My My My!,spotify:track:4NiehSBQthimPzRsVeOgCT,0.004070000000000001,0.701,0.45799999999999996,0.000151,0.045,-7.749,0.0836,102.96700000000001,0.48200000000000004,71,Troye Sivan
Bloom,2,0oTyoTKEKMdF3rXcOLyEfN,Bloom,spotify:track:0oTyoTKEKMdF3rXcOLyEfN,0.031,0.708,0.701,0.0,0.392,-5.196000000000001,0.0328,120.932,0.504,64,Troye Sivan
Bloom,3,4RoArPM0AsuW3h8hW8xtnr,Lucky Strike,spotify:track:4RoArPM0AsuW3h8hW8xtnr,0.579,0.612,0.6940000000000001,0.0,0.0914,-7.3629999999999995,0.0514,103.031,0.564,62,Troye Sivan
Bloom,4,7iyKbBjb2fmTnTfCjCh7ER,Seventeen,spotify:track:7iyKbBjb2fmTnTfCjCh7ER,0.165,0.612,0.743,4.35e-05,0.319,-7.25,0.0442,118.913,0.34700000000000003,58,Troye Sivan
Bloom,5,4qAHuJq5T4Q97EQZG47H0P,The Good Side,spotify:track:4qAHuJq5T4Q97EQZG47H0P,0.406,0.426,0.284,0.00335,0.36200000000000004,-15.492,0.0616,112.039,0.311,66,Troye Sivan
Bloom,6,2NjO87HyT80fsgejd3PLYW,Dance To This (feat. Ariana Grande),spotify:track:2NjO87HyT80fsgejd3PLYW,0.00632,0.736,0.7559999999999999,0.00577,0.106,-7.099,0.047,117.016,0.7120000000000001,72,Troye Sivan
Bloom,7,0EftP1nY8Mklt77hAMMMug,Plum,spotify:track:0EftP1nY8Mklt77hAMMMug,0.0123,0.693,0.594,6.25e-05,0.0764,-7.3229999999999995,0.0469,96.973,0.565,55,Troye Sivan
Bloom,8,4CCe846xVRd9p31gc6dMza,Postcard (feat. Gordi),spotify:track:4CCe846xVRd9p31gc6dMza,0.905,0.43,0.36,0.0,0.0967,-8.908999999999999,0.036000000000000004,97.852,0.247,56,Troye Sivan
Bloom,9,1Dfzjb9aFxgSFM0vnNTDPr,What A Heavenly Way To Die,spotify:track:1Dfzjb9aFxgSFM0vnNTDPr,0.43799999999999994,0.715,0.632,0.0859,0.0923,-7.093,0.0348,122.036,0.586,60,Troye Sivan
Bloom,10,6iBPeFlk4DLJ4HfRfZ2J7H,Animal,spotify:track:6iBPeFlk4DLJ4HfRfZ2J7H,0.535,0.335,0.314,0.00517,0.295,-11.155,0.0411,122.446,0.0528,57,Troye Sivan
Blue Neighbourhood (The Remixes),1,3WgaA66GU02FnidR1nTH4D,EASE - Vallis Alps Remix,spotify:track:3WgaA66GU02FnidR1nTH4D,0.316,0.61,0.442,0.0011099999999999999,0.0533,-11.708,0.0525,94.986,0.22899999999999998,34,Troye Sivan
Blue Neighbourhood (The Remixes),2,1obSxAwn3Ae22iLrPY109I,EASE - Lontalius Remix,spotify:track:1obSxAwn3Ae22iLrPY109I,0.804,0.573,0.41100000000000003,0.0,0.19899999999999998,-9.315,0.0325,90.97200000000001,0.297,40,Troye Sivan
Blue Neighbourhood (The Remixes),3,023UeBS5jbGqw1nGw8DWIC,WILD - XXYYXX Remix,spotify:track:023UeBS5jbGqw1nGw8DWIC,0.136,0.419,0.496,0.0,0.29100000000000004,-9.222000000000001,0.0826,90.012,0.389,36,Troye Sivan
Blue Neighbourhood (The Remixes),4,34QSYjBuitClolvnmFGG40,WILD - Lophiile & Grey Remix,spotify:track:34QSYjBuitClolvnmFGG40,0.0627,0.68,0.7979999999999999,0.0,0.349,-4.115,0.0931,102.081,0.397,31,Troye Sivan
Blue Neighbourhood (The Remixes),5,10n3JKjszdfli4EZFM7oRU,WILD - RAC Mix,spotify:track:10n3JKjszdfli4EZFM7oRU,0.0265,0.545,0.623,0.0,0.105,-7.47,0.0441,180.07,0.735,30,Troye Sivan
Blue Neighbourhood (The Remixes),6,6aDxTEqZdhH0lSkP4mev4X,WILD - Young Bombs Remix,spotify:track:6aDxTEqZdhH0lSkP4mev4X,0.055999999999999994,0.525,0.841,0.0,0.124,-2.8489999999999998,0.034,99.973,0.32799999999999996,40,Troye Sivan
Blue Neighbourhood (The Remixes),7,3Edkmy6tuoGVSCy9rdWJWZ,FOOLS - Filous Remix,spotify:track:3Edkmy6tuoGVSCy9rdWJWZ,0.23399999999999999,0.6579999999999999,0.573,0.00124,0.306,-8.19,0.0486,94.991,0.39299999999999996,34,Troye Sivan
Blue Neighbourhood (The Remixes),8,5nGuzcsjDbUD1Hgi0szupA,YOUTH - Gryffin Remix,spotify:track:5nGuzcsjDbUD1Hgi0szupA,0.0823,0.5589999999999999,0.67,0.0171,0.106,-6.301,0.0404,104.00399999999999,0.33799999999999997,50,Troye Sivan
Blue Neighbourhood (The Remixes),9,096xg2yXUnjTQ24oCzuuhh,YOUTH - Son Lux Remix,spotify:track:096xg2yXUnjTQ24oCzuuhh,0.336,0.631,0.7040000000000001,1.84e-05,0.20199999999999999,-5.692,0.23199999999999998,89.684,0.545,28,Troye Sivan
Blue Neighbourhood (The Remixes),10,5oXrBGZZD71x8K3QFf4qiz,YOUTH - Shift K3y Remix,spotify:track:5oXrBGZZD71x8K3QFf4qiz,0.0143,0.747,0.948,0.00743,0.11,-1.9980000000000002,0.0451,124.005,0.618,29,Troye Sivan
Blue Neighbourhood (The Remixes),11,6PtE41BwaPBOjjMc8mKcG4,YOUTH - Acoustic,spotify:track:6PtE41BwaPBOjjMc8mKcG4,0.958,0.541,0.18600000000000003,0.0,0.0962,-11.321,0.0311,92.544,0.162,53,Troye Sivan
Blue Neighbourhood (The Remixes),12,0qcJaudn18thqD66jLfGKP,WILD - Live,spotify:track:0qcJaudn18thqD66jLfGKP,0.264,0.527,0.742,0.0,0.45899999999999996,-5.711,0.0606,90.04,0.409,28,Troye Sivan
Blue Neighbourhood (The Remixes),13,20Y6nPj1IUe5xmZRWK2P8u,YOUTH - Live,spotify:track:20Y6nPj1IUe5xmZRWK2P8u,0.16,0.615,0.6940000000000001,0.0,0.9690000000000001,-6.4,0.12,91.98200000000001,0.377,28,Troye Sivan
Blue Neighbourhood (The Remixes),14,2v0dd3j5VwXUrvBwApTtYa,Happy Little Pill - Live,spotify:track:2v0dd3j5VwXUrvBwApTtYa,0.794,0.465,0.327,8.070000000000001e-05,0.3,-10.404000000000002,0.0322,93.54299999999999,0.14400000000000002,33,Troye Sivan
Blue Neighbourhood (Deluxe),1,0Ad6zJhaqKCwEccDAKz6sk,WILD,spotify:track:0Ad6zJhaqKCwEccDAKz6sk,0.0235,0.581,0.725,0.0,0.304,-5.349,0.0592,89.98899999999999,0.39399999999999996,53,Troye Sivan
Blue Neighbourhood (Deluxe),2,4lvJOtynZbT08pZO10YoOv,BITE,spotify:track:4lvJOtynZbT08pZO10YoOv,0.192,0.591,0.402,0.0,0.14800000000000002,-5.847,0.0337,125.015,0.0678,56,Troye Sivan
Blue Neighbourhood (Deluxe),3,5lMgUPtlARalVIGxl0xE3J,FOOLS,spotify:track:5lMgUPtlARalVIGxl0xE3J,0.192,0.292,0.6779999999999999,0.0,0.146,-5.595,0.0724,87.436,0.365,65,Troye Sivan
Blue Neighbourhood (Deluxe),4,7jQFIqN0GnpByBVXPpdPom,EASE,spotify:track:7jQFIqN0GnpByBVXPpdPom,0.063,0.625,0.716,0.0,0.135,-6.48,0.0498,94.986,0.5379999999999999,51,Troye Sivan
Blue Neighbourhood (Deluxe),5,5cpMD4UcrTpu4P2T4EAPQz,THE QUIET,spotify:track:5cpMD4UcrTpu4P2T4EAPQz,0.00951,0.631,0.853,0.0,0.0713,-5.925,0.0565,103.985,0.405,48,Troye Sivan
Blue Neighbourhood (Deluxe),6,7M8uUME0TsHpYhTz5hUzSE,DKLA,spotify:track:7M8uUME0TsHpYhTz5hUzSE,0.0221,0.37799999999999995,0.609,0.00106,0.0652,-5.985,0.0971,87.456,0.0788,47,Troye Sivan
Blue Neighbourhood (Deluxe),7,1othhMi2WsiF9oLoisJjYW,TALK ME DOWN,spotify:track:1othhMi2WsiF9oLoisJjYW,0.151,0.36200000000000004,0.7809999999999999,0.000197,0.125,-6.803,0.0741,173.688,0.354,59,Troye Sivan
Blue Neighbourhood (Deluxe),8,5D5kzmVejlQFTqXwUmb0Ns,COOL,spotify:track:5D5kzmVejlQFTqXwUmb0Ns,0.134,0.727,0.8320000000000001,4.58e-06,0.384,-6.037000000000001,0.0843,108.02799999999999,0.608,48,Troye Sivan
Blue Neighbourhood (Deluxe),9,2fNi8T6DLiY9SxFnZrhOeV,HEAVEN,spotify:track:2fNi8T6DLiY9SxFnZrhOeV,0.0751,0.518,0.725,2.3899999999999998e-05,0.09,-7.492000000000001,0.129,144.032,0.32799999999999996,54,Troye Sivan
Blue Neighbourhood (Deluxe),10,0nhBKubnVz9yFNNprBniWz,YOUTH,spotify:track:0nhBKubnVz9yFNNprBniWz,0.0625,0.628,0.737,0.0,0.0777,-4.437,0.040999999999999995,91.507,0.5920000000000001,69,Troye Sivan
Blue Neighbourhood (Deluxe),11,1MWXC3nU8ZGbJkC8Glm3TD,LOST BOY,spotify:track:1MWXC3nU8ZGbJkC8Glm3TD,0.0477,0.56,0.889,6.32e-05,0.268,-5.148,0.0493,105.98899999999999,0.45799999999999996,52,Troye Sivan
Blue Neighbourhood (Deluxe),12,5yFhb4ABfgvqQYZEK18lcc,for him.,spotify:track:5yFhb4ABfgvqQYZEK18lcc,0.0595,0.726,0.618,4.429999999999999e-05,0.151,-4.843,0.12300000000000001,161.96200000000002,0.9229999999999999,56,Troye Sivan
Blue Neighbourhood (Deluxe),13,0tnU8bI4cZkvdPzXRV7BA8,SUBURBIA,spotify:track:0tnU8bI4cZkvdPzXRV7BA8,0.019,0.491,0.622,0.0,0.107,-5.925,0.10400000000000001,77.928,0.361,51,Troye Sivan
Blue Neighbourhood (Deluxe),14,75OBhyIlzY2RGKuz9WNaSH,TOO GOOD,spotify:track:75OBhyIlzY2RGKuz9WNaSH,0.149,0.326,0.569,0.0,0.18600000000000003,-5.952999999999999,0.0444,148.658,0.165,46,Troye Sivan
Blue Neighbourhood (Deluxe),15,0W2YQYzdW7EDKt17DfR8TV,BLUE,spotify:track:0W2YQYzdW7EDKt17DfR8TV,0.593,0.39,0.536,0.0,0.115,-7.5360000000000005,0.0384,129.997,0.212,61,Troye Sivan
